{"start":"2019-03-06T05:45:14.140Z","end":"2019-03-06T05:46:37.587Z","capabilities":{"maxInstances":1,"browserName":"chrome"},"host":"127.0.0.1","port":4444,"baseUrl":"http://localhost","framework":"mocha","mochaOpts":{"timeout":60000,"ui":"bdd"},"suites":[{"name":"participant","duration":0,"start":"2019-03-06T05:45:55.794Z","tests":[],"hooks":[]},{"name":"participant","duration":41524,"start":"2019-03-06T05:45:55.794Z","end":"2019-03-06T05:46:37.318Z","tests":[{"name":"creation","start":"2019-03-06T05:45:55.795Z","end":"2019-03-06T05:46:37.317Z","duration":41522,"state":"fail","errorType":"WaitUntilTimeoutError","error":"element (\"//input[contains(@id,\"mailboxWebEnabledInputField:participantMailboxWebEnabled\")]\") still not visible after 10000ms","standardError":"Error: element (\"//input[contains(@id,\"mailboxWebEnabledInputField:participantMailboxWebEnabled\")]\") still not visible after 10000ms\n    at elementIdDisplayed(\"0.58777917046694-6\") - D:\\webio\\node_modules\\webdriverio\\build\\lib\\commands\\isVisible.js:71:55"}],"hooks":[{"start":"2019-03-06T05:45:55.794Z","end":"2019-03-06T05:45:55.795Z","duration":1,"title":"\"before all\" hook","associatedSuite":"participant"},{"start":"2019-03-06T05:45:55.795Z","end":"2019-03-06T05:45:55.795Z","duration":0,"title":"\"before each\" hook","associatedSuite":"participant","associatedTest":"creation"},{"start":"2019-03-06T05:46:37.317Z","end":"2019-03-06T05:46:37.317Z","duration":0,"title":"\"after each\" hook","associatedSuite":"participant","associatedTest":"creation"},{"start":"2019-03-06T05:46:37.474Z","end":"2019-03-06T05:46:37.474Z","duration":0,"title":"\"after all\" hook","associatedSuite":"participant"}]}],"state":{"passed":0,"failed":1,"skipped":0}}