{"start":"2019-03-05T10:33:46.244Z","end":"2019-03-05T10:34:52.968Z","capabilities":{"maxInstances":1,"browserName":"chrome"},"host":"127.0.0.1","port":4444,"baseUrl":"http://localhost","framework":"mocha","mochaOpts":{"timeout":60000,"ui":"bdd"},"suites":[{"name":"participant","duration":0,"start":"2019-03-05T10:34:13.394Z","tests":[],"hooks":[]},{"name":"participant","duration":39356,"start":"2019-03-05T10:34:13.394Z","end":"2019-03-05T10:34:52.750Z","tests":[{"name":"creation","start":"2019-03-05T10:34:13.395Z","end":"2019-03-05T10:34:52.749Z","duration":39354,"state":"fail","errorType":"WaitUntilTimeoutError","error":"element (\"//input[contains(@id,\"mailboxWebEnabledInputField:participantMailboxWebEnabled\")]\") still not visible after 10000ms","standardError":"Error: element (\"//input[contains(@id,\"mailboxWebEnabledInputField:participantMailboxWebEnabled\")]\") still not visible after 10000ms\n    at elements(\"//input[contains(@id,\"mailboxWebEnabledInputField:participantMailboxWebEnabled\")]\") - D:\\webio\\node_modules\\webdriverio\\build\\lib\\commands\\isVisible.js:54:17\n    at isVisible(\"//input[contains(@id,\"mailboxWebEnabledInputField:participantMailboxWebEnabled\")]\") - D:\\webio\\node_modules\\webdriverio\\build\\lib\\commands\\waitForVisible.js:73:22"}],"hooks":[{"start":"2019-03-05T10:34:13.394Z","end":"2019-03-05T10:34:13.395Z","duration":1,"title":"\"before all\" hook","associatedSuite":"participant"},{"start":"2019-03-05T10:34:13.395Z","end":"2019-03-05T10:34:13.395Z","duration":0,"title":"\"before each\" hook","associatedSuite":"participant","associatedTest":"creation"},{"start":"2019-03-05T10:34:52.750Z","end":"2019-03-05T10:34:52.750Z","duration":0,"title":"\"after each\" hook","associatedSuite":"participant","associatedTest":"creation"},{"start":"2019-03-05T10:34:52.787Z","end":"2019-03-05T10:34:52.787Z","duration":0,"title":"\"after all\" hook","associatedSuite":"participant"}]}],"state":{"passed":0,"failed":1,"skipped":0}}