{"start":"2019-03-06T05:51:50.395Z","end":"2019-03-06T05:52:58.719Z","capabilities":{"maxInstances":1,"browserName":"chrome"},"host":"127.0.0.1","port":4444,"baseUrl":"http://localhost","framework":"mocha","mochaOpts":{"timeout":60000,"ui":"bdd"},"suites":[{"name":"participant","duration":0,"start":"2019-03-06T05:52:19.069Z","tests":[],"hooks":[]},{"name":"participant","duration":39371,"start":"2019-03-06T05:52:19.070Z","end":"2019-03-06T05:52:58.441Z","tests":[{"name":"creation","start":"2019-03-06T05:52:19.071Z","end":"2019-03-06T05:52:58.438Z","duration":39367,"state":"fail","errorType":"WaitUntilTimeoutError","error":"element (\"//input[contains(@id,\"mailboxWebEnabledInputField:participantMailboxWebEnabled\")]\") still not visible after 10000ms","standardError":"Error: element (\"//input[contains(@id,\"mailboxWebEnabledInputField:participantMailboxWebEnabled\")]\") still not visible after 10000ms\n    at elementIdDisplayed(\"0.3748291401592616-6\") - D:\\webio\\node_modules\\webdriverio\\build\\lib\\commands\\isVisible.js:71:55"}],"hooks":[{"start":"2019-03-06T05:52:19.070Z","end":"2019-03-06T05:52:19.071Z","duration":1,"title":"\"before all\" hook","associatedSuite":"participant"},{"start":"2019-03-06T05:52:19.071Z","end":"2019-03-06T05:52:19.071Z","duration":0,"title":"\"before each\" hook","associatedSuite":"participant","associatedTest":"creation"},{"start":"2019-03-06T05:52:58.438Z","end":"2019-03-06T05:52:58.440Z","duration":2,"title":"\"after each\" hook","associatedSuite":"participant","associatedTest":"creation"},{"start":"2019-03-06T05:52:58.632Z","end":"2019-03-06T05:52:58.632Z","duration":0,"title":"\"after all\" hook","associatedSuite":"participant"}]}],"state":{"passed":0,"failed":1,"skipped":0}}