{"start":"2019-03-06T05:51:50.395Z","end":"2019-03-06T05:52:58.719Z","capabilities":{"maxInstances":1,"browserName":"chrome"},"host":"127.0.0.1","port":4444,"baseUrl":"http://localhost","framework":"mocha","mochaOpts":{"timeout":60000,"ui":"bdd"},"suites":[{"name":"open the url","duration":0,"start":"2019-03-06T05:51:53.987Z","tests":[],"hooks":[]},{"name":"open the url","duration":21317,"start":"2019-03-06T05:51:53.988Z","end":"2019-03-06T05:52:15.305Z","tests":[{"name":"url","start":"2019-03-06T05:51:53.989Z","end":"2019-03-06T05:52:02.790Z","duration":8801,"state":"pass"},{"name":"creation of hierarchy","start":"2019-03-06T05:52:02.790Z","end":"2019-03-06T05:52:15.305Z","duration":12515,"state":"pass"}],"hooks":[{"start":"2019-03-06T05:51:53.988Z","end":"2019-03-06T05:51:53.989Z","duration":1,"title":"\"before all\" hook","associatedSuite":"open the url"},{"start":"2019-03-06T05:51:53.990Z","end":"2019-03-06T05:51:53.990Z","duration":0,"title":"\"before each\" hook","associatedSuite":"open the url","associatedTest":"url"},{"start":"2019-03-06T05:52:02.790Z","end":"2019-03-06T05:52:02.790Z","duration":0,"title":"\"after each\" hook","associatedSuite":"open the url","associatedTest":"url"},{"start":"2019-03-06T05:52:02.790Z","end":"2019-03-06T05:52:02.790Z","duration":0,"title":"\"before each\" hook","associatedSuite":"open the url","associatedTest":"creation of hierarchy"},{"start":"2019-03-06T05:52:15.305Z","end":"2019-03-06T05:52:15.305Z","duration":0,"title":"\"after each\" hook","associatedSuite":"open the url","associatedTest":"creation of hierarchy"},{"start":"2019-03-06T05:52:15.437Z","end":"2019-03-06T05:52:15.437Z","duration":0,"title":"\"after all\" hook","associatedSuite":"open the url"}]}],"state":{"passed":2,"failed":0,"skipped":0}}