{"start":"2019-03-06T05:45:14.140Z","end":"2019-03-06T05:46:37.587Z","capabilities":{"maxInstances":1,"browserName":"chrome"},"host":"127.0.0.1","port":4444,"baseUrl":"http://localhost","framework":"mocha","mochaOpts":{"timeout":60000,"ui":"bdd"},"suites":[{"name":"open the url","duration":0,"start":"2019-03-06T05:45:27.620Z","tests":[],"hooks":[]},{"name":"open the url","duration":24379,"start":"2019-03-06T05:45:27.620Z","end":"2019-03-06T05:45:51.999Z","tests":[{"name":"url","start":"2019-03-06T05:45:27.621Z","end":"2019-03-06T05:45:38.318Z","duration":10697,"state":"pass"},{"name":"creation of hierarchy","start":"2019-03-06T05:45:38.318Z","end":"2019-03-06T05:45:51.997Z","duration":13679,"state":"pass"}],"hooks":[{"start":"2019-03-06T05:45:27.620Z","end":"2019-03-06T05:45:27.621Z","duration":1,"title":"\"before all\" hook","associatedSuite":"open the url"},{"start":"2019-03-06T05:45:27.622Z","end":"2019-03-06T05:45:27.622Z","duration":0,"title":"\"before each\" hook","associatedSuite":"open the url","associatedTest":"url"},{"start":"2019-03-06T05:45:38.318Z","end":"2019-03-06T05:45:38.318Z","duration":0,"title":"\"after each\" hook","associatedSuite":"open the url","associatedTest":"url"},{"start":"2019-03-06T05:45:38.319Z","end":"2019-03-06T05:45:38.319Z","duration":0,"title":"\"before each\" hook","associatedSuite":"open the url","associatedTest":"creation of hierarchy"},{"start":"2019-03-06T05:45:51.997Z","end":"2019-03-06T05:45:51.998Z","duration":1,"title":"\"after each\" hook","associatedSuite":"open the url","associatedTest":"creation of hierarchy"},{"start":"2019-03-06T05:45:52.131Z","end":"2019-03-06T05:45:52.131Z","duration":0,"title":"\"after all\" hook","associatedSuite":"open the url"}]}],"state":{"passed":2,"failed":0,"skipped":0}}