{"start":"2019-03-06T06:08:17.827Z","end":"2019-03-06T06:08:56.162Z","capabilities":{"maxInstances":1,"browserName":"chrome"},"host":"127.0.0.1","port":4444,"baseUrl":"http://localhost","framework":"mocha","mochaOpts":{"timeout":60000,"ui":"bdd"},"suites":[{"name":"open the url","duration":0,"start":"2019-03-06T06:08:21.645Z","tests":[],"hooks":[]},{"name":"open the url","duration":18991,"start":"2019-03-06T06:08:21.645Z","end":"2019-03-06T06:08:40.636Z","tests":[{"name":"url","start":"2019-03-06T06:08:21.647Z","end":"2019-03-06T06:08:29.550Z","duration":7903,"state":"fail","errorType":"AssertionError","error":"expected 'Login' to include 'TDXchange'","standardError":"AssertionError: expected 'Login' to include 'TDXchange'\n    at Context.it (D:\\webio\\lib\\src\\specs\\adminspec.js:25:46)\n    at D:\\webio\\node_modules\\wdio-sync\\build\\index.js:590:26\n    at new Promise (<anonymous>)\n    at new F (D:\\webio\\node_modules\\core-js\\library\\modules\\_export.js:36:28)\n    at Context.executeSync (D:\\webio\\node_modules\\wdio-sync\\build\\index.js:588:12)\n    at D:\\webio\\node_modules\\wdio-sync\\build\\index.js:759:42"},{"name":"creation of hierarchy","start":"2019-03-06T06:08:29.550Z","end":"2019-03-06T06:08:40.636Z","duration":11086,"state":"fail","errorType":"RuntimeError","error":"chrome not reachable","standardError":"Error: Request timed out after the element was still found on the page.\n    at element(\"div.rf-ac-itm-lbl-inact > table > tbody > tr > td\") -     at D:\\webio\\node_modules\\wdio-sync\\build\\index.js:312:3"}],"hooks":[{"start":"2019-03-06T06:08:21.646Z","end":"2019-03-06T06:08:21.646Z","duration":0,"title":"\"before all\" hook","associatedSuite":"open the url"},{"start":"2019-03-06T06:08:21.647Z","end":"2019-03-06T06:08:21.647Z","duration":0,"title":"\"before each\" hook","associatedSuite":"open the url","associatedTest":"url"},{"start":"2019-03-06T06:08:29.550Z","end":"2019-03-06T06:08:29.550Z","duration":0,"title":"\"after each\" hook","associatedSuite":"open the url","associatedTest":"url"},{"start":"2019-03-06T06:08:29.550Z","end":"2019-03-06T06:08:29.550Z","duration":0,"title":"\"before each\" hook","associatedSuite":"open the url","associatedTest":"creation of hierarchy"},{"start":"2019-03-06T06:08:40.636Z","end":"2019-03-06T06:08:40.636Z","duration":0,"title":"\"after each\" hook","associatedSuite":"open the url","associatedTest":"creation of hierarchy"},{"start":"2019-03-06T06:08:40.847Z","end":"2019-03-06T06:08:40.847Z","duration":0,"title":"\"after all\" hook","associatedSuite":"open the url"}]}],"state":{"passed":0,"failed":2,"skipped":0}}