{"start":"2019-03-06T06:00:17.843Z","end":"2019-03-06T06:01:27.187Z","capabilities":{"maxInstances":1,"browserName":"chrome"},"host":"127.0.0.1","port":4444,"baseUrl":"http://localhost","framework":"mocha","mochaOpts":{"timeout":60000,"ui":"bdd"},"suites":[{"name":"open the url","duration":0,"start":"2019-03-06T06:00:21.625Z","tests":[],"hooks":[]},{"name":"open the url","duration":22035,"start":"2019-03-06T06:00:21.626Z","end":"2019-03-06T06:00:43.661Z","tests":[{"name":"url","start":"2019-03-06T06:00:21.627Z","end":"2019-03-06T06:00:30.819Z","duration":9192,"state":"pass"},{"name":"creation of hierarchy","start":"2019-03-06T06:00:30.820Z","end":"2019-03-06T06:00:43.658Z","duration":12838,"state":"pass"}],"hooks":[{"start":"2019-03-06T06:00:21.626Z","end":"2019-03-06T06:00:21.626Z","duration":0,"title":"\"before all\" hook","associatedSuite":"open the url"},{"start":"2019-03-06T06:00:21.627Z","end":"2019-03-06T06:00:21.627Z","duration":0,"title":"\"before each\" hook","associatedSuite":"open the url","associatedTest":"url"},{"start":"2019-03-06T06:00:30.819Z","end":"2019-03-06T06:00:30.819Z","duration":0,"title":"\"after each\" hook","associatedSuite":"open the url","associatedTest":"url"},{"start":"2019-03-06T06:00:30.820Z","end":"2019-03-06T06:00:30.820Z","duration":0,"title":"\"before each\" hook","associatedSuite":"open the url","associatedTest":"creation of hierarchy"},{"start":"2019-03-06T06:00:43.658Z","end":"2019-03-06T06:00:43.659Z","duration":1,"title":"\"after each\" hook","associatedSuite":"open the url","associatedTest":"creation of hierarchy"},{"start":"2019-03-06T06:00:43.892Z","end":"2019-03-06T06:00:43.892Z","duration":0,"title":"\"after all\" hook","associatedSuite":"open the url"}]}],"state":{"passed":2,"failed":0,"skipped":0}}