{"start":"2019-03-05T10:33:46.244Z","end":"2019-03-05T10:34:52.968Z","capabilities":{"maxInstances":1,"browserName":"chrome"},"host":"127.0.0.1","port":4444,"baseUrl":"http://localhost","framework":"mocha","mochaOpts":{"timeout":60000,"ui":"bdd"},"suites":[{"name":"open the url","duration":0,"start":"2019-03-05T10:33:49.766Z","tests":[],"hooks":[]},{"name":"open the url","duration":20103,"start":"2019-03-05T10:33:49.766Z","end":"2019-03-05T10:34:09.869Z","tests":[{"name":"url","start":"2019-03-05T10:33:49.767Z","end":"2019-03-05T10:33:57.940Z","duration":8173,"state":"pass"},{"name":"creation of hierarchy","start":"2019-03-05T10:33:57.941Z","end":"2019-03-05T10:34:09.866Z","duration":11925,"state":"pass"}],"hooks":[{"start":"2019-03-05T10:33:49.766Z","end":"2019-03-05T10:33:49.767Z","duration":1,"title":"\"before all\" hook","associatedSuite":"open the url"},{"start":"2019-03-05T10:33:49.767Z","end":"2019-03-05T10:33:49.767Z","duration":0,"title":"\"before each\" hook","associatedSuite":"open the url","associatedTest":"url"},{"start":"2019-03-05T10:33:57.940Z","end":"2019-03-05T10:33:57.940Z","duration":0,"title":"\"after each\" hook","associatedSuite":"open the url","associatedTest":"url"},{"start":"2019-03-05T10:33:57.941Z","end":"2019-03-05T10:33:57.941Z","duration":0,"title":"\"before each\" hook","associatedSuite":"open the url","associatedTest":"creation of hierarchy"},{"start":"2019-03-05T10:34:09.866Z","end":"2019-03-05T10:34:09.867Z","duration":1,"title":"\"after each\" hook","associatedSuite":"open the url","associatedTest":"creation of hierarchy"},{"start":"2019-03-05T10:34:09.937Z","end":"2019-03-05T10:34:09.937Z","duration":0,"title":"\"after all\" hook","associatedSuite":"open the url"}]}],"state":{"passed":2,"failed":0,"skipped":0}}