{"start":"2019-03-06T06:08:17.827Z","end":"2019-03-06T06:08:56.162Z","capabilities":{"maxInstances":1,"browserName":"chrome"},"host":"127.0.0.1","port":4444,"baseUrl":"http://localhost","framework":"mocha","mochaOpts":{"timeout":60000,"ui":"bdd"},"suites":[{"name":"participant","duration":0,"start":"2019-03-06T06:08:44.252Z","tests":[],"hooks":[]},{"name":"participant","duration":0,"start":"2019-03-06T06:08:44.252Z","tests":[{"name":"creation","start":"2019-03-06T06:08:44.254Z","duration":11921,"state":""}],"hooks":[{"start":"2019-03-06T06:08:44.253Z","end":"2019-03-06T06:08:44.254Z","duration":1,"title":"\"before all\" hook","associatedSuite":"participant"},{"start":"2019-03-06T06:08:44.254Z","end":"2019-03-06T06:08:44.254Z","duration":0,"title":"\"before each\" hook","associatedSuite":"participant","associatedTest":"creation"}]}],"state":{"passed":0,"failed":0,"skipped":0}}