{"start":"2019-03-06T06:00:17.843Z","end":"2019-03-06T06:01:27.187Z","capabilities":{"maxInstances":1,"browserName":"chrome"},"host":"127.0.0.1","port":4444,"baseUrl":"http://localhost","framework":"mocha","mochaOpts":{"timeout":60000,"ui":"bdd"},"suites":[{"name":"participant","duration":0,"start":"2019-03-06T06:00:47.663Z","tests":[],"hooks":[]},{"name":"participant","duration":39216,"start":"2019-03-06T06:00:47.664Z","end":"2019-03-06T06:01:26.880Z","tests":[{"name":"creation","start":"2019-03-06T06:00:47.669Z","end":"2019-03-06T06:01:26.879Z","duration":39210,"state":"fail","errorType":"WaitUntilTimeoutError","error":"element (\"//input[contains(@id,\"mailboxWebEnabledInputField:participantMailboxWebEnabled\")]\") still not visible after 10000ms","standardError":"Error: element (\"//input[contains(@id,\"mailboxWebEnabledInputField:participantMailboxWebEnabled\")]\") still not visible after 10000ms\n    at elementIdDisplayed(\"0.42871480174141796-6\") - D:\\webio\\node_modules\\webdriverio\\build\\lib\\commands\\isVisible.js:71:55"}],"hooks":[{"start":"2019-03-06T06:00:47.665Z","end":"2019-03-06T06:00:47.669Z","duration":4,"title":"\"before all\" hook","associatedSuite":"participant"},{"start":"2019-03-06T06:00:47.670Z","end":"2019-03-06T06:00:47.670Z","duration":0,"title":"\"before each\" hook","associatedSuite":"participant","associatedTest":"creation"},{"start":"2019-03-06T06:01:26.879Z","end":"2019-03-06T06:01:26.879Z","duration":0,"title":"\"after each\" hook","associatedSuite":"participant","associatedTest":"creation"},{"start":"2019-03-06T06:01:27.180Z","end":"2019-03-06T06:01:27.180Z","duration":0,"title":"\"after all\" hook","associatedSuite":"participant"}]}],"state":{"passed":0,"failed":1,"skipped":0}}